название,артикул,описание,цена,характеристики,url
"Манометр общетехнический с трубчатой пружиной, Тип ДМ (Модификация 1)",,"Для измерения давления газообразных и жидких, не сильно вязких и не кристаллизирующихся сред, не агрессивных
по отношению к медным сплавам (вода, пар, газ, масло, керосин, бензин, дизельное топливо и др).",,"Номинальный диаметр корпуса: диаметр
		 корпуса
	

		 40
	

		 50
	

		 63
	

		 100
	

		 160
	

		 250
Класс точности: класс
		 точности
	

		 2,5
	

		 2,5
	

		 1,5
		 2,5
	

		 1,0
		 1,5
	

		 1,5
		 1,0
	

		 1,5
Погрешность: Дополнительная погрешность при изменении температуры окружающей среды от 20±2 °С в диапазоне рабочих температур на каждые 10 °С составляет не более ± 0,6 %.
Диапазон измерений: -1 ... 0 (0.6, 1.5, ... , 24), 0 ... (0.6, 1, ... , 1000) бар, кгс/см2, x 0.1 МПа или другие эквивалентные единицы измерения давления.
Допустимые температуры:: Окружающая среда: - 50…+65 °С.
Измеряемая среда: максимум +160 °С.
Рекомендуемые диапазоны измерений давления: Измеряемое давление от 25 до 75% от конечного значения шкалы
Штуцер: Медный сплав.
Измерительный элемент: Трубчатая пружина Бурдона, медный сплав.
Передаточный механизм: Медный сплав.
Присоединение к процессу: диаметркорпуса
резьба


40
М10x1; G1/8; 1/8 NPT


50
М10x1; G1/8; 1/8 NPT; М12x1.5; G1/4; 1/4 NPT


63
М12x1.5; G1/4; 1/4 NPT


80
М12x1.5; G1/4; 1/4 NPT


100
М20х1,5; G1/2; 1/2 NPT; G3/8; 3/8 NPT


160
М20х1,5; G1/2; 1/2 NPT; G3/8; 3/8 NPT


250
М20х1,5; G1/2; 1/2 NPT
Циферблат: Алюминий белого цвета, с ограничительным штифтом, шкала черного цвета.
Стрелка: Алюминий черного цвета.
Корпус: Сталь черного цвета – стандарт: сталь красного, синего, белого цвета – заказ.
Степень пылевлагозащиты: IP 43, IP 54
Стекло: Инструментальное стекло, органическое стекло.
Кольцо: Сталь черного цвета.
Дополнительная информация: Встроенный демпфер (дроссель);   
Очистка под кислород;  
Дизайн шкалы по запросу Заказчика (цветные, комбинированные шкалы);   
Дополнительные специальные шкалы фреоновые и др;   
Задний крепежный фланец;   
Передний (фронтальный) крепежный фланец;   
Скоба для крепления на панели.   
Регулируемая красная стрелка, указывающая допустимое максимальное давление.  
Проверка гелием.   
Поверка.",https://bdrosma.ru/catalog/manometry/484/
"Манометр виброустойчивый Тип ДМ (Мод 1) ДМ 1 100Р, кл.1.0, IP65, УХЛ1, БЕЗОПАС. ИСП.",,,,"Номинальный диаметр корпуса: 100мм.
Класс точности: 1,0
Дополнительная погрешность при изменении температуры окружающей среды от 20 + 2°С в диапазоне рабочих температур на каждые 10°С составляет не более +0,6%.
Диапазон измерений: -1…0, 0 ... (0,6, 1, …1000)бар, кгс/см2, х0,1МПа или другие эквивалентные единицы давления.
Допустимые температуры:: Окружающая среда: -70…+65 °С.
Измеряемая среда: от -50...+160 °С.
при заполнении глицерином.
Рекомендуемые диапазоны измерений давления: Измеряемое давление то 25% до 75% от конечного значения шкалы.
Перегрузка: кратковременная нагрузка - 110% шкалы.
Расположение штуцера: Штуцер снизу.
Штуцер: Медный сплав.
Измерительный элемент: Трубчатая пружина Бурдона, медный сплав.
Передаточный механизм: Медный сплав.
Присоединение к процессу: М20х1,5; G1/2.
Циферблат: Алюминий белого цвета, с ограничительным штифтом, шкала черного цвета.
Стрелка: Алюминий черного цвета.
Корпус: Сталь, окраска в черный цвет. Выбивная пробка сзади.
Степень пылевлагозащиты: IP65
Устойчивость к климатическим воздействиям: Исполнение УХЛ1 по ГОСТ 15150-69
Виброзащищенность: Группа V1 по ГОСТ 12997-84
Стекло: Многослойное безопасное стекло (SAFETY GLASS).
Кольцо: Сталь черного цвета.
Средний срок службы: 10 лет.
Вес: Не более 1,0 кг.
Гарантии: Гарантийный срок составляет 24 месяца со дня эксплуатации при соблюдении правил использования данных приборов и их транспортировки, правильного монтажа и хранения такого рода приборов, согласно руководства по эксплуатации и требований ГОСТ 2405-88.
Гарантийный срок хранения: 12 месяцев с даты изготовления
Дополнительная информация: Встроенный демпфер (дроссель).
Очистка под кислород.
Дизайн шкалы предоставляется Заказчиком (цветные, комбинированные шкалы).
Передний (фронтальный) крепежный фланец.
Стрелка с корректировкой «0».
Корпус и прижимное кольцо из нержавеющей стали.
Заполнение корпуса глицерином, силиконовым маслом и др.
Приборы по умолчанию имеют климатическое исполнение УХЛ1, по заказу потребителя могут поставляться в корпусе из нержавеющей стали.",https://bdrosma.ru/catalog/manometry/500/
"Манометр общетехнический С ТИП ДМ 1 100 Р, кл.1.0, IP54, УХЛ1",,Манометр общетехнический с трубчатой пружиной. Манометр ДМ 2500 бар.,,"Номинальный диаметр корпуса: 100
Класс точности: 1,0
Дополнительная погрешность при изменении температуры окружающей среды от 20 + 2°С в диапазоне рабочих температур на каждые 10°С составляет не более+0,6%.
Диапазон измерений: -1…0, 0 ... (0,6, 1, …1000)бар, кгс/см2, х0,1МПа или другие эквивалентные единицы давления.
Допустимые температуры:: Окружающая среда: -50…+65 °С.
Измеряемая среда: от -50...+160 °С.
Рекомендуемые диапазоны измерений давления: Измеряемое давление то 25% до 75% от конечного значения шкалы.
Перегрузка: Кратковременная нагрузка - 110% шкалы.
Расположение штуцера: Штуцер снизу.
Штуцер: Медный сплав.
Измерительный элемент: Трубчатая пружина Бурдона, медный сплав.
Передаточный механизм: Медный сплав.
Присоединение к процессу: М20х1,5; G1/2.
Циферблат: Алюминий белого цвета, с ограничительным штифтом, шкала черного цвета.
Стрелка: Алюминий черного цвета.
Корпус: Сталь, окрашенная в черный цвет.
Степень пылевлагозащиты: IP54
Устойчивость к климатическим воздействиям: Устойчивость к климатическим воздействиям
Стекло: Инструментальное стекло.
Кольцо: Сталь черного цвета.
Средний срок службы: 10 лет.
Вес: Не более 1,0 кг.
Гарантии: Гарантийный срок составляет 24 месяца со дня эксплуатации при соблюдении правил использования данных приборов и их транспортировки, правильного монтажа и хранения такого рода приборов, согласно руководства по эксплуатации и требований
ГОСТ 2405-88.
Гарантийный срок хранения: 12 месяцев с даты изготовления.
Дополнительная информация: Очистка под кислород.
Дизайн шкалы предоставляется Заказчиком (цветные, комбинированные шкалы).
Передний (фронтальный) крепежный фланец.
Приборы по умолчанию имеют климатическое исполнение УХЛ1, по заказу потребителя могут поставляться в корпусе из нержавеющей стали и с многослойным безопасным стеклом (safety glass).",https://bdrosma.ru/catalog/manometry/501/
"Манометр общетехнический С ТИП ДМ 1 160 Р, кл.1.0, IP54, УХЛ1",,Манометр общетехнический с трубчатой пружиной. Манометр ДМ 2500 бар.,,"Номинальный диаметр корпуса: 100
Класс точности: 1,0
Дополнительная погрешность при изменении температуры окружающей среды от 20 + 2°С в диапазоне рабочих температур на каждые 10°С составляет не более+0,6%.
Диапазон измерений: -1…0, 0 ... (0,6, 1, …1000)бар, кгс/см2, х0,1МПа или другие эквивалентные единицы давления.
Допустимые температуры:: Окружающая среда: -50…+65 °С.
Измеряемая среда: от -50...+160 °С.
Рекомендуемые диапазоны измерений давления: Измеряемое давление то 25% до 75% от конечного значения шкалы.
Перегрузка: Кратковременная нагрузка - 110% шкалы.
Расположение штуцера: Штуцер снизу.
Штуцер: Медный сплав.
Измерительный элемент: Трубчатая пружина Бурдона, медный сплав.
Передаточный механизм: Медный сплав.
Присоединение к процессу: М20х1,5; G1/2.
Циферблат: Алюминий белого цвета, с ограничительным штифтом, шкала черного цвета.
Стрелка: Алюминий черного цвета.
Корпус: Сталь, окрашенная в черный цвет.
Степень пылевлагозащиты: IP54
Устойчивость к климатическим воздействиям: Устойчивость к климатическим воздействиям
Стекло: Инструментальное стекло.
Кольцо: Сталь черного цвета.
Средний срок службы: 10 лет.
Вес: Не более 1,0 кг.
Гарантии: Гарантийный срок составляет 24 месяца со дня эксплуатации при соблюдении правил использования данных приборов и их транспортировки, правильного монтажа и хранения такого рода приборов, согласно руководства по эксплуатации и требований
ГОСТ 2405-88.
Гарантийный срок хранения: 12 месяцев с даты изготовления.
Дополнительная информация: Очистка под кислород.
Дизайн шкалы предоставляется Заказчиком (цветные, комбинированные шкалы).
Передний (фронтальный) крепежный фланец.
Приборы по умолчанию имеют климатическое исполнение УХЛ1, по заказу потребителя могут поставляться в корпусе из нержавеющей стали и с многослойным безопасным стеклом (safety glass).",https://bdrosma.ru/catalog/manometry/504/
Манометр общетехнический точных измерений с трубчатой пружиной Тип ДМ (Модификация 1),,"Для измерения давления газообразных и жидких, не сильно вязких и не кристаллизирующихся сред, не агрессивных по отношению к медным сплавам (вода, пар, газ, масло, керосин, бензин, дизельное топливо и др). Корректировка 0 с помощью регулировочного винта.",,"Номинальный диаметр корпуса: 160
Класс точности: 0,4 0,6 1,0
Дополнительная погрешность при изменении температуры окружающей среды от20±2 °С в диапазоне рабо-чих температурна каждые 10 °С составляет не более ± 0,6 %.
Диапазон измерений: -1 ... 0 (0.6, 1.5, ... , 24), 0 ... (0.6, 1, ... , 1000) бар, кгс/см2,x 0.1 МПа или другие эквивалентные единицы измерения давления.
Допустимые температуры:: Окружающая среда:
 - 60...+60 °С.<br>
Измеряемая среда:
 максимум +160 °С.
Рекомендуемые диапазоны измерений давления:Измеряемое давление от 25 до 75% от конечного значения шкалы.
Штуцер: Медный сплав.
Измерительный элемент: Трубчатая пружина Бурдона, медный сплав.
Передаточный механизм: Медный сплав.
Присоединение к процессу: М20х1,5 (под заказ G½)
Циферблат: Алюминий белого цвета, с ограничительным штифтом, шкала черного цвета. с антибликовой полосой
Стрелка: Алюминий черного цвета.
Корпус: Сталь черного цвета – стандарт: сталь красного, синего, белого цвета – заказ.
Степень пылевлагозащиты: IP 43, IP 54
Стекло: Инструментальное стекло, органическое стекло.
Кольцо: Сталь черного цвета.
Дополнительная информация: Встроенный демпфер (дроссель).Очистка под кислород.Дизайн шкалы по запросу Заказчика (цветные, комбини-рованные шкалы).Дополнительные специальные шкалы фреоновые и др.Задний крепежный фланец.Передний (фронтальный) крепежный фланец.Скоба для крепления на панели.Проверка гелием.Поверка.",https://bdrosma.ru/catalog/manometry/505/
Манометр общетехнический  с трубчатой пружиной. Тип ДМ (Модификация 2),,Манометр общетехнический виброустойчивый ДМ 1000 бар. Используется в местах с повышенной вибрацией или при наличии пульсаций.,,"Номинальный диаметр корпуса: 40; 50; 63; 8 0; 100; 150.
Класс точности: Диаметр корпуса 


			 40
		

			 50
		

			 63
		

			 80
		

			 100
		

			 150
		



			 класс точности  
		

			 2.5
		

			 2.5 


			 1.5
		

			 1.0
		

			 1.0 
		

			 1.0 
		



			 2.5
		

			 1.5


			 1.5 


			  1.5
		








		 Дополнительная погрешность при изменении температуры окружающей среды от 20+2°С в диапазоне рабочих температур на каждые 10°С составляет не более +0,4%.
Диапазон измерений: -1…0 (0,6, 1,5, ... , 24), 0 ... (0,6, 1, ... , 1000) бар, кгс/см2,
x0.1 МПа или другие эквивалентные единицы давления.
Допустимые температуры:: Окружающая среда: -50…+65°С. 


	Измеряемая среда: максимум +160 °С При заполнении глицерином, измеряемая среда максимум +65°С
Рекомендуемые диапазоны измерений давления: Измеряемое давление от 25% до 75% от конечного значения шкалы.
Расположение штуцера: Штуцер снизу, сзади, осевое экс- центричное.
Штуцер: Медный сплав.
Измерительный элемент: Трубчатая пружина Бурдона, медный сплав.
Передаточный механизм: Медный сплав.
Присоединение к процессу: Диаметр корпуса
		



			 Резьба
		





			 40  50
		

			 63
		

			 80
		

			 100
		







			 М10x1; G⅛; ⅛ NPT М12x1.5; G¼; ¼ NPT
		



			 М20х1,5; G½; ½ NPT; G3/8; 3/8 NPT
Циферблат: Алюминий белого цвета, с ограничительным шрифтом, шкала черного цвета.
Стрелка: Алюминий черного цвета.
Корпус: Нержавеющая сталь.
Степень пылевлагозащиты: IP65
Стекло: Органическое стекло.
Кольцо: Нержавеющая сталь, завальцовано.
Дополнительная информация: Встроенный демпфер (дроссель).
Очистка под кислород (без заполнения корпуса). Заполнение корпуса глицерином.
Дизайн шкалы предоставляется Заказчиком (цветные, комбинированные шкалы).
Дополнительные специальные шкалы фреоновые и др. Задний крепежный фланец.
Передний (фронтальный) крепежный фланец. Скоба для крепления на панели.
Съемное прижимное кольцо  (байонетного типа) Инструментальное стекло или безопастное стекло (для съемного прижимного кольца)
Стрелка максимального значения.
Проверка гелием.
Табличка с индивидуальным номер по проекту Степень IP66 и IP67
Поверка.",https://bdrosma.ru/catalog/manometry/506/
Манометр общетехнический с трубчатой пружиной. Тип ДМ (МОДИФИКАЦИЯ 3),,"Манометр технический ветроустойчивый. Рекомендуется для применения с разделителями сред: РМ5319, РМ5320, DA, DB, DE, DF, DH, DJ и др.",,"Номинальный диаметр корпуса: 40; 50; 63.
Класс точности: диаметр корпуса  




			    40  
		



			    50  
		



			    63  
		





			 класс точности
		



			 2,5
		



			 2,5
		



			 1,5
		



			 2,5
		





	   


	 Дополнительная погрешность при изменении температуры окружающей среды от 20+2°С в диапазоне рабочих температур на каждые 10°С составляет не более +0,4%.
Диапазон измерений: -1…0 (0,6, 1,5, ... , 24), 0 ... (0,6, 1, ... , 2500) бар, кгс/см2,
x0.1 МПа или другие эквивалентные единицы давления.
Допустимые температуры:: Окружающая среда: -60…+65°С. Измеряемая среда: максимум +300 °С При заполнении глицерином, измеряемая среда максимум +100°С

Рекомендуемые диапазоны измерений давления: Измеряемое давление от 25% до 75% от конечного значения шкалы.
Расположение штуцера: Штуцер снизу, сзади, осевое экс- центричное.
Штуцер: Нержавеющая сталь
Передаточный механизм: Нержавеющая сталь.
Присоединение к процессу: диаметр корпуса
		



			 резьба
		





			 40
		



			 М10x1; G⅛; ⅛ NPT
		





			 50, 63
		



			 М10x1; G⅛; ⅛ NPT;     М12x1.5; G¼; ¼ NPT
		





			 80,100
		



			 125,150
		



			 М12x1.5; G¼; ¼ NPT; G3/8; 3/8 NPT; М20х1,5; G½; ½ NPT
		





			 200, 250
		



			 G3/8; 3/8 NPT; М20х1,5; G½; ½ NPT
Циферблат: Алюминий белого цвета, с ограничительным шрифтом, шкала черного цвета
Стрелка: Алюминий черного цвета, корректировка нуля на стрел- ке (опция).
Корпус: Нержавеющая сталь, IP65; (IP66; IP67 опции).
Стекло: Инструментальное стекло.
Кольцо: Нержавеющая сталь, съемное (завальцованное – опция).
Дополнительная информация: Встроенный демпфер (дроссель).
Очистка под кислород (без заполнения корпуса).

Заполнение корпуса глицерином, силиконовым маслом и др. Сверхпрочное или безопастное стекло SAFETY GLASS Компенсация внутреннего вакуума или сверхдавления.
Изготовление измерительного элемента и штуцера из монеля. Дизайн шкалы по запросу Заказчика (цветные, комбинированные шкалы).
Дополнительные специальные шкалы фреоновые, амми- ачные.
Крепежный фланец с тыльной стороны. Передний (фронтальный) крепежный фланец. Скоба для крепления на панели.
Стрелка максимального значения.
Испытание в соответствии с NACE стандартом. Испытание проливкой гелием.
Свидетельство о поверке. Специальное исполнение:
Присоединение Triclamp размеры 1-1/2"", 2"", 2-1/2""",https://bdrosma.ru/catalog/manometry/507/
Манометр общетехнический с трубчатой пружиной.  Тип ДМ (МОДИФИКАЦИЯ 4),,"Рекомендуется для применения с разделителями сред: РМ5319, РМ5320, DA, DB, DE, DH, DJ и др.",,"Номинальный диаметр корпуса: 100; 150 (160).
Класс точности: Диаметр корпуса


		  100 150 (160)




		  Класс точности


		  0,4 0,5 0,6 1,0 1,5





 Дополнительная погрешность при изменении температуры
 окружающей среды от 20+2°С в диапазоне рабочих
температур на каждые 10°С составляет не более +0,4%.
Диапазон измерений: -1…0 (0,6, 1,5, ... , 24), 0 ... (0 ... 0,6, 1, ... , 2500) бар, кгс/см2,
x0.1 МПа или другие эквивалентные единицы давления.
Допустимые температуры:: Окружающая среда: -60…+65°С.
Измеряемая среда: максимум +200 °С
Кратковременно: до +300°С
При заполнении глицерином, измеряемая
среда максимум +65°С
Рекомендуемые диапазоны измерений давления:
Измеряемое давление до 75% от конечного значения
шкалы.
Расположение штуцера: штуцер снизу, сзади (осевое экс- центричное).
Штуцер: Нержавеющая сталь
Измерительный элемент: Трубчатая пружина Бурдона, нерж. сталь.
Передаточный механизм: Нержавеющая сталь.
Присоединение к процессу: Диаметр
			 корпуса
		



			 Резьба
		





			 100
		



			 150
			 (160)
		



			 М20х1,5; G½; ½ NPT; G3/8; 3/8 NPT
		

			 М20х1,5; G½; ½ NPT; G3/8; 3/8 NPT
Циферблат: Алюминий белого цвета, градуировка черного цвета.
Стрелка: Алюминий черного цвета, корректировка нуля на стрел- ке (опция).
Корпус: Нержавеющая сталь, IP65; (IP66; IP67 опции).
Стекло: Ламинированное безопасное стекло (SAFETY GLASS).
Кольцо: Нержавеющая сталь, съемное (завальцованное – опция).
Дополнительная информация: Встроенный демпфер (дроссель).
Очистка под кислород (без заполнения корпуса).
Заполнение корпуса глицерином, силиконовым маслом и др.
Сверхпрочное или инструментальное стекло.
Твердая защитная стенка SOLID FRONT.
Компенсация внутреннего вакуума или сверхдавления.
Изготовление измерительного элемента и штуцера из монеля.
Дизайн шкалы предоставляется Заказчиком (цветные,
комбинированные шкалы).
Дополнительные специальные шкалы фреоновые, амми-
ачные.
Крепежный фланец с тыльной стороны.
Передний (фронтальный) крепежный фланец.
Скоба для крепления на панели.
Стрелка максимального значения.
Испытание в соответствии с NACE стандартом. Испытание
проливкой гелием.
Перегрузка по давлению до 150 %.
Свидетельство о поверке.
Специальное исполнение:
Аммиачные манометры (100 и 150 мм)
Дополнительные шкалы в °C R717 (NH3)
Диапазоны давления: -1 ... 0 ... 15 бар или -1 ... 0 ... 24 бар",https://bdrosma.ru/catalog/manometry/508/
Манометр общетехнический Тип ДМ (Мод. 4) БЕЗОПАСНОЕ ИСПОЛНЕНИЕ SOLID FRONT,,"Для измерений давления газообразных и жидких, не сильно вязких и не кристаллизирующихся сред, не агрессивных по отношению к нерж. стали (аммиак, щелочные и солевые растворы и др).
Используются в сложных эксплуатационных и технологических условиях, в том числе в местах с повышенной вибрацией и пульсацией в пищевой, пивоваренной и фармацевтической промышленности, в криогенной технике, химической и нефтехимической индустрии, в ядерных и холодильных установках, в насосах, прессах, компрессорах, турбинах, дизельных двигателях и т.п.
Рекомендуется для применения с разделителями сред: РМ5319, РМ5320, DA, DB, DE, DH, DJ и др.",,"Номинальный диаметр корпуса: 100; 150 (160).
Класс точности: 1,0; 1,5;
Дополнительная погрешность при изменении температуры окружающей среды от
20+2°С в диапазоне рабочих температур на каждые 10°С составляет не более +0,4%.
Диапазон измерений: -1…0 (0,6, 1,5, ... , 24), 0 ... (0 ... 0,6, 1, ... , 1600) бар, кгс/см2,
x0.1 МПа или другие эквивалентные единицы давления.
Допустимые температуры:: Окружающая среда: -60…+65°С. Измеряемая среда: максимум +200 °С, кратковременно до +300°С
При заполнении глицерином, измеряемая среда максимум +65°С
Рекомендуемые диапазоны измерений давления: Измеряемое давление до 75% от конечного значения шкалы.
Расположение штуцера: Штуцер снизу, сзади (осевое экс- центричное).
Штуцер: Нержавеющая сталь
Измерительный элемент: Трубчатая пружина Бурдона, нерж. сталь.
Передаточный механизм: Нержавеющая сталь.
Присоединение к процессу: М20х1,5; G½; ½ NPT;
Циферблат: Алюминий белого цвета, градуировка черного цвета.
Стрелка: Алюминий черного цвета, корректировка нуля на стрелке (опция).
Корпус: Нержавеющая сталь, IP65; (IP66; IP67) опции, выбивная задняя стенка, твердая защитная стенка SOLID FRONT
Стекло: Ламинированное безопасное стекло (SAFETY GLASS).
Кольцо: Нержавеющая сталь, съемное.
Дополнительная информация: Встроенный демпфер (дроссель).
Очистка под кислород (без заполнения корпуса).
Заполнение корпуса глицерином, силиконовым маслом и др. Сверхпрочное или инструментальное стекло.
Изготовление измерительного элемента и штуцера из монеля.
Дизайн шкалы предоставляется Заказчиком (цветные, комбинированные шкалы).
Дополнительные специальные шкалы фреоновые, аммиачные.
Передний (фронтальный) крепежный фланец. Скоба для крепления на панели.

Стрелка максимального значения.
Перегрузка по давлению до 130 %. Свидетельство о поверке.
Специальное исполнение:
Аммиачные манометры (100 и 150 мм)
Дополнительные шкалы в °C R717 (NH3)
Диапазоны давления: -1 ... 0 ... 15 бар или -1 ... 0 ... 24 бар",https://bdrosma.ru/catalog/manometry/509/
Манометр общетехнический с трубчатой пружиной.  Тип ДМ (МОДИФИКАЦИЯ 5),,"Манометр технический ДМ. Для сложных условий эксплуатации. Измерений давления газообразных и жидких средах (аммиак, щелочные и солевые растворы и др)",,"Номинальный диаметр корпуса: 100; 150.
Класс точности: 1; 1,5; (1,6) (основная шкала);
Дополнительная погрешность при изменении температуры
окружающей среды от 20+2°С в диапазоне рабочих
температур на каждые 10°С составляет не более +0,4%.
1; 1,5; (1,6) (основная шкала);
Диапазон измерений: 0… (0 ... 0,6, 1 ... 40) бар, кгс/см2, х0,1МПа или другие
эквивалентные единицы давления.
Допустимые температуры:
Допустимые температуры:: Окружающая среда: -60…+65°С.
Измеряемая среда: максимум +300 °С
При заполнении глицерином, измеряемая
среда максимум +100°С
Рекомендуемые диапазоны измерений давления: Измеряемое давление до 75% от конечного основного значения шкалы.
Перегрузка: Стандартно с 4-х кратной перегрузкой (см. табл. №6)
Расположение штуцера: Штуцер снизу.
Штуцер: Нержавеющая сталь
Измерительный элемент: Трубчатая пружина Бурдона, нерж. сталь.
Передаточный механизм: Нержавеющая сталь.
Присоединение к процессу: M12x1,5; G1/4B; 1/4NPT; G3/8B; 3/8NPT; M20x1,5; G1/2B; 1/2NPT.
Циферблат: Алюминий белого цвета, шкала черного цвета, в конце шкалы сектор для показаний сверхдавления.
Стрелка: Алюминий черного цвета, корректировка нуля на стрелке.
Корпус: Безопасный корпус (S) SOLID FRONT, нержавеющая сталь, IP65.
Стекло: Ламинированное безопасное стекло (SAFETY GLASS).
Кольцо: Нержавеющая сталь, съемное.
Дополнительная информация: Встроенный демпфер (дроссель).
Заполнение корпуса глицерином.
Сверхпрочное стекло.
Дизайн шкалы предоставляется Заказчиком (цветные,
комбинированные шкалы).
Крепежный фланец с тыльной стороны.
Механизм с демпфирующим желе.
Табличка с номером точки по проекту.
Испытание проливкой гелием.
Поверка.",https://bdrosma.ru/catalog/manometry/510/
Манометр общетехнический с трубчатой пружиной. Тип ДМ (МОДИФИКАЦИЯ 6),,"Манометр  изготовлен по стандарту ANSI/ASME - B 40.1. Измерение давления газообразных и жидких, не сильно вязких и не кристаллизирующихся сред.",,"Номинальный диаметр корпуса: 115
Класс точности: 0,5; 1; 1,5; (1,6);

Дополнительная погрешность при изменении температуры окружающей среды от20+2°С в диапазоне рабочих температур на каждые 10°С составляет не более+0,4%.
Диапазон измерений: -1...0 (0,6;1,5, ..., 24), 0 ... (0,6;1, ..., 1600) бар, кгс/см2, х0,1МПа или другие эквивалентные единицы давления.
Допустимые температуры:: Окружающая среда: -60...+65°С.

Измеряемая среда: максимум +150 °С При заполнении глицерином, измеряемая среда максимум +100°С
Рекомендуемые диапазоны измерений давления: Измеряемое давление до 75% от конечного основного значения шкалы.
Перегрузка: Кратковременно до 30% конечного значения шкалы для диапазонов до 60 МПа и 15% конечного значения шкалы для диапазонов свыше 60 МПа
Расположение штуцера: штуцер снизу, сзади (осевое эксцентричное)
Штуцер: Нержавеющая сталь
Измерительный элемент: Трубчатая пружина Бурдона, нерж. сталь.
Передаточный механизм: Нержавеющая сталь.
Присоединение к процессу: М12х1,5; G1/4B; 1/4NPT; G3/8B; 3/8NPT; М20х1,5; G1/2B; 1/2NPT.
Циферблат: Алюминий белого цвета, градуировка черного цвета. Стрелка:
Корпус: Полипропилен,ударопрочный материал, со встроенным задним фланцем, безопасный корпус с прочной защитной перегородкой (S) SOLID FRONT
Степень пылевлагозащиты: IP55, (IP65, IP66 опции)
Стекло: Органическое стекло.
Дополнительная информация: Встроенный демпфер (дроссель).
Очистка под кислород (без заполнения корпуса) Заполнение корпуса глицерином,силиконовым маслом и др.
Сверхпрочное или безопасное многослойное стекло SAFETY GLASS.
Изготовление измерительного элемента и штуцера из монеля.
Дизайн шкалы предоставляется Заказчиком (цветные, комбинированные шкалы).
Перегрузка по давлению до 150% конечного значения. Испытание в соответствии с NACE стандартом.
Корпус и задняя стенка РВТР (термопластичный ударопрочный материал, максимальная температура измеряемой среды до 200 °С)
Механизм с демпфирующим желе.
Табличка с номером точки по проекту.
Испытание проливкой гелием.
Поверка.",https://bdrosma.ru/catalog/manometry/511/
Манометр общетехнический с трубчатой пружиной.  Тип ДМ (ИСПОЛНЕНИЕ 8),,"Манометр общетехнический. Нержавеющая сталь. Класс точности 0,25",,"Номинальный диаметр корпуса: 100; 150; 200; 250.
Класс точности: 0,25; 0,4; 0,5; 0,6;
Дополнительная погрешность при изменении температуры окружающей среды от 20 +2°С в диапазоне рабочих температур на каждые 10°С составляет не более
+0,6%.
Диапазон измерений: -1…0, 0 ... (0,6, 1, …1000)бар, кгс/см2, х0,1МПа или другие эквивалентные единицы давления.
Допустимые температуры:: Окружающая среда: -25…+65 °С. Измеряемая среда: максимум +65 °С. Температура калибровки: +20 °С.
Рекомендуемые диапазоны измерений давления: Измеряемое давление  то 25% до 75% от конечного значения шкалы.
Расположение штуцера: Штуцер снизу, осевое эксцентричное.
Штуцер: Нержавеющая сталь
Измерительный элемент: Трубчатая пружина Бурдона, берриливая бронза.
Передаточный механизм: Высокоточный часовой механизм на подшипниках из полудрагоценных камней.
Присоединение к процессу: М12х1,5; G¼B; ¼NPT; М20х1,5; G½B; ½NPT.
Циферблат: Алюминий зеленого цвета, с антибликовой полосой, шкала черного цвета.
Стрелка: Алюминий черного цвета, отбалансированная, с острым концом, корректировка нуля на стрелке.
Корпус: Нержавеющая сталь
Степень пылевлагозащиты: IP65 (IP55 - опция).
Стекло: Безопасное стекло.
Кольцо: Нержавеющая сталь, съемное.
Дополнительная информация: Встроенный демпфер (дроссель). Очистка под кислород.
Дизайн шкалы предоставляется Заказчиком (цветные, комбинированные шкалы).
Крепежный фланец с тыльной стороны. Передний (фронтальный) крепежный фланец. Скоба для крепления на панели.
Безопасный корпус (S) SOLID FRONT (для диам. 150 мм).
Измерительный элемент выполнен из нерж. стали (макс. темп. изм. среды +150 °С), кл 0,5.
Испытание проливкой гелием.
Свидетельство о поверке.",https://bdrosma.ru/catalog/manometry/512/
Манометр деформационный электроконтактный сигнализирующий тип дмэ,,"Используется в системах водоснабжения, а также в химической, нефтехимической, нефтегазовой, фармацевтической, пищевой промышленности, теплоэнергетики, машиностроении, приборостроении, капитальном строительстве и т.д.",,"Номинальный диаметр корпуса: 63; 100; 150 (160).
Класс точности: 1,0; 1,5 (1,6); 2,5.

Дополнительная погрешность при изменении температуры окружающей среды от 20+2°С в диапазоне рабочих температур на каждые 10°С составляет не более +0,4%.
Диапазон измерений: -1…0 (0,6, 1,5, ... , 24), 0 ... (0 ... 0,6, 1, ... , 2500) бар, кгс/см2,
x0.1 МПа или другие эквивалентные единицы давления.
Допустимые температуры:: Окружающая среда: -60…+65°С. Измеряемая среда: -50...+150 °С (200°С)

(без заполнения корпуса), при заполнении диэлектрическим маслом макс. -60...+100°.
Рекомендуемые диапазоны измерений давления: Измеряемое давление до 75% от конечного значения шкалы.
Расположение штуцера: Штуцер снизу, сзади (осевое экс- центричное).
Штуцер: Нержавеющая сталь
Измерительный элемент: До 60 бар, трубчатая пружина Бурдона, нерж. сталь; Свыше 60 бар, многоспиральная пружина, нерж. сталь.
Передаточный механизм: Нержавеющая сталь.
Присоединение к процессу: диаметр корпуса
		



			 резьба
		





			  63
		



			 М10x1; G⅛; ⅛ NPT М12x1.5; G¼; ¼ NPT
		





			 100
		



			 150
		



			 (160)
		



			  
		

			 М20х1,5; G½; ½ NPT; G3/8; 3/8 NPT М20х1,5; G½; ½ NPT; G3/8; 3/8 NPT
Циферблат: Алюминий белого цвета, градуировка черного цвета.
Стрелка: Алюминий черного цвета, фиксированная.
Корпус: Нержавеющая сталь, IP65; другие материалы по запросу.
Стекло: Инструментальное безопасное стекло.
Кольцо: Нержавеющая сталь, съемное.
Электрические контакты: Контакты с магнитным поджатием (Максимальное напряжение 220В постоянного тока и 380В переменного тока. Сила тока не более 1А. Максимальная мощность контактов 30Вт постоянного тока и 50ВА переменного тока).

Индуктивные контакты (220 В переменного напряжения,  0,4A).
Дополнительная информация: Встроенный демпфер (дроссель).
Изготовление измерительного элемента и штуцера из монеля.
Заполнение корпуса диэлектричесиким маслом. Дизайн шкалы по запросу заказчика (цветные, комбинированные шкалы).
Поликарбонатное стекло (оргстекло) или пластик. Безопасное SAFETY GLASS или сверхпрочное стекло.
Крепежный фланец с тыльной стороны. Передний (фронтальный) крепежный фланец. Скоба для крепления к панели.
Испытание в соответствии с NACE стандартом. Контроль герметичности проливкой гелием.
Компенсация внутреннего вакуума или сверхдавления. Табличка с номером по проекту.
Свидетельство о поверке.
Принципиальные электрические схемы электроконтактных групп: I      исполнение - одноконтактная «на Замыкание» (1NO)
II     исполнение - одноконтактная «на Размыкание» (1NC)
III    исполнение - двухконтактная «на размыкание – размыкание» (1NC-1NC)
IV    исполнение - двухконтактная «на замыкание – замыкание» (1NО-1NО)
V     исполнение - двухконтактная «на размыкание – замыкание» (1NС-1NО)
VI    исполнение - двухконтактная «на замыкание –размыкание» (1NО-1NС)

Примечание: При выборе исполнения контактов следует учитывать, что варианты описаны с учетом нахождения стрелки на нулевой отметке.",https://bdrosma.ru/catalog/manometry/516/
Электроконтактные манометры.  Тип ДМЭ (МОДИФИКАЦИЯ 2010),,,,,https://bdrosma.ru/catalog/manometry/517/
Электроконтактные манометры.  Тип ДМЭ (МОДИФИКАЦИЯ 2005),,,,"Номинальный диаметр корпуса: 150мм
Класс точности: 1,0, 1,5.
Дополнительная погрешность при изменении температуры окружающей среды от 20+2°С в диапазоне рабочих температур на каждые 10°С составляет не более +0,4%.
Диапазон измерений: -1…0 (0,6, 1,5, ... , 24), 0 ... 1 (1,6, ... , 1000) бар, кгс/см2, x0.1
МПа или другие эквивалентные единицы давления.
Допустимые температуры:: Окружающая среда: -60…+65°С.
Измеряемая среда: макс +150 °С.
Рекомендуемые диапазоны измерений давления: Измеряемое давление до 75% от конечного значения шкалы.
Расположение штуцера: Штуцер снизу.
Штуцер: Медный сплав.
Измерительный элемент: Трубчатая пружина Бурдона, медный сплав.
Передаточный механизм: Медный сплав.
Присоединение к процессу: М20х1,5 (вне), G1/2 (вне) - по запросу.
Циферблат: Алюминий белого цвета, градуировка черного цвета.
Стрелка: Алюминий черного цвета, фиксированная.
Корпус: Сталь, крашеная черного цвета.
Степень пылевлагозащиты: IP54.
Стекло: Поликарбонат.
Электрические контакты: Контакты с магнитным поджатием (Максимальное напряжение 220В постоянного тока и 380В переменного тока. Сила тока не более 1А. Максимальная мощность контактов 30Вт постоянного тока и 50ВА переменного тока).
Подключение манометра осуществляется четырехжильным кабелем, сечение жил - от 0,2 лдо 1,5 мм2. Диаметр ввода в разъеме - от 4 до 10 мм
Дополнительная информация: Встроенный демпфер (дроссель).
Дизайн шкалы по запросу заказчика (цветные, комбинированные шкалы).
Поликарбонатное стекло (оргстекло) или пластик.
Кислородное исполнение.
Поверка.
Принципиальные электрические схемы электроконтактных групп: Принципиальные электрические схемы электроконтактных групп согласно ГОСТ 2405-88:
I исполнение - одноконтактная «на Замыкание» (1NO)
II исполнение - одноконтактная «на Размыкание» (1NC)
III исполнение - двухконтактная «на размыкание – размыкание» (1NC-1NC)
IV исполнение - двухконтактная «на замыкание – замыкание» (1NО-1NО)
V исполнение - двухконтактная «на размыкание – замыкание» (1NС-1NО)
VI исполнение - двухконтактная «на замыкание –размыкание» (1NО-1NС)

Примечание: При выборе исполнения контактов следует учитывать, что варианты описаны с учетом нахождения стрелки на нулевой отметке.",https://bdrosma.ru/catalog/manometry/518/
"Манометры мембранные. Тип ДММ, ДММЭ коррозийностойкие",,Мембранный манометр. Используются в сложных эксплуатационных и технологических условиях.,,"Номинальный диаметр корпуса: 100; 150 (160).
Класс точности: 1; 1,5; 1,6; 2,5.
Дополнительная погрешность при изменении температуры окружающей среды от 20+2°С в диапазоне рабочих температур на каждые 10°С составляет не более +0,4%.
Диапазон измерений: Мод. 1 и мод. 3 (ВД): -1…0 (0,6, 1,0, 1,6 ... 15), 0 ... (0 ... 0,6,
1, 1,6 ... 40) бар, кгс/см2, x0,1 МПа или другие эквивалентные единицы давления.
Мод. 2 и мод. 4 (НД): (-60, -40, -25, ... 0)(0 ... 2,5, 4, ... 60)
кПа х 10 мбар или другие эквивалентные единицы давления.
Допустимые температуры:: Окружающая среда: -40…+65°С. Измеряемая среда: максимум +120 °С
Рекомендуемые диапазоны измерений давления: Измеряемое давление до 75% от конечного значения шкалы.
Штуцер: Нержавеющая сталь
Измерительный элемент: мембрана мод. 1 - пружинная сталь с PTFE покрытием мод. 2,3,4, ДММЭ - нержавеющая сталь
Передаточный механизм: мод. 1 и мод. 2 - медный сплав
мод. 3 и мод. 4, ДММЭ - нержавеющая сталь
Присоединение к процессу: Резьбовое: М20х1,5, G1/2; 1/2NPT; G3/8 (другие резьбы по запросу)
Фланцевое: мод. 1 и мод. 3 открытый фланец по DIN, ANSI, B16.5, ГОСТ 12815-80)
мод. 2 и мод. 4 через переходную секцию
Циферблат: Алюминий белого цвета, градуировка черного цвета.
Стрелка: Алюминий черного цвета, корректировка нуля на стрел- ке (опция).
Корпус: мод. 1 и мод. 2 - сталь крашенная черная мод. 3 и мод. 4 - нержавеющая сталь
Степень пылевлагозащиты: мод.1 и мод.2, ДММЭ - IP54, IP55, IP56 мод.3 и мод.4 - IP65
Стекло: Инструментальное стекло.
Верхний фланец: мод. 1 и мод. 2 - сталь крашенная черная мод. 3 и мод. 4 - нержавеющая сталь
Нижний фланец: нержавеющая сталь
Дополнительная информация: Встроенный демпфер (дроссель).
Очистка под кислород (без заполнения корпуса).
Заполнение корпуса глицерином, силиконовым маслом
(мод.3)
Безопасное SAFETY GLASS или сверхпрочное стекло. Дизайн шкалы по запросу Заказчиком (цветные, комбинированные шкалы).
Покрытие мембраны PTFE (фторопласт), серебро (другие материалы по запросу)
Испытание проливкой гелием.
Уплотнение PTFE (температура измеряемой среды до 200°С)
Свидетельство о поверке.",https://bdrosma.ru/catalog/manometry/519/
Электроконтактный манометр тип ДМЭ (63ТПФ),,,,"Номинальный диаметр корпуса: 63 мм
Класс точности: 1,5 (2.5 по заказу)
Измеряемая среда: жидкость, пар, газ, в том числе пропан бутан; кислород – заказ
Единицы измерения: жидкость, пар, газ, в том числе пропан бутан; кислород – заказ.
Диапазон измерений: 0…1 (1,6; 2,5; 4; 6; 10; 16; 25; 40; 60; 100; 160; 250; 400; 600);

-1… 0;

-1… 0,6 (1,5; 3; 5; 9; 15; 24) кгс/см2 – стандарт (бар, МПа – заказ)
Допустимые температуры:: Температура окружающего воздуха: -40…60 C.

Температура измеряемой среды: макс 150 С. Дополнительная погрешность при изменении температуры окружающей среды от 20±2 0С в диапазоне рабочих температур на каждые 10 0С составляет не более ± 0,6 %.
Штуцер: Медный сплав.
Измерительный элемент: Трубка Бурдона - медный сплав
Передаточный механизм: Медный сплав
Присоединение к процессу: М12х1,5 (нар) – стандарт;                    

G1/4 (нар) – заказ.
Корпус: Сталь, крашенная черного цвета.
Степень пылевлагозащиты: IP43
Стекло: Поликарбонат.
Фланец: Сталь
Средний срок службы: 10 лет
Вес: не более 0,4 кг
Дополнительная информация: Приборы выдерживают воздействие вибрации в диапазоне частот от 5 до 35 Гц с амплитудой 0,35 мм.
Манометр изготавливается с магнитным поджатием контактов для любого из выше указанных исполнений.
Напряжение внешних коммутируемых цепей: 380 В (включая 24; 27; 36; 40; 110; 220В) - для цепей
переменного тока; 220 В (включая 24; 27; 36; 40; 110В) - для цепей постоянного тока.
Разрывная мощность контактов для сигнализирующего устройства: с магнитным поджатием контактов – 30 Вт
постоянного тока и 10 В•А переменного тока
Значение коммутируемого тока: для сигнализирующего устройства с магнитным поджатием контактов – от 0,01 до 1 А
Подключение осуществляется  клемными колодками или соединительными коробками
Периодическая поверка приборов в процессе эксплуатации производится в соответствии с МИ 2124-90.
Межповерочный интервал: 2 года.
Все приборы поставляются с индивидуальным паспортом и отметкой о госповерке.
Опции: 
Встроенный демпфер (дроссель)
Кислородное исполнение
Принципиальные электрические схемы электроконтактных групп: Манометры ДМЭ имеют четыре варианта исполнения  контактов:
1. по умолчанию V - левый контакт размыкающий (min), правый замыкающий (max).
(1НЗ+1НО)
2. III - два размыкающих контакта:). (1НЗ+1НЗ)
3. IV - два замыкающих контакта:). (1НО+1НО)
4. VI - левый контакт замыкающий (min), правый размыкающий (max). (1НО+1НЗ)
Демпфер для гашения пульсирующего давления: по умолчанию манометры поставляются без демпфера до 16 кгс/см2 включительно и с демпфером свыше 25 кгс/см2 включительно; по заказу демпфер устанавливается прибор с любым диапазоном показаний.",https://bdrosma.ru/catalog/manometry/520/
Манометр с трубчатой пружиной для сверх чистых сред (СЧС) Тип ДМ (Модификация 3),,Применяется для жидких и газообразных сред,,"Номинальный диаметр корпуса: 40, 50 мм
Класс точности: 1.5%-50 мм 2.5%-40 мм

Дополнительная погрешность погрешность при изменениях температуры окружающей среды от 20 +2°С в диапазоне рабочих температур на каждые 10°С составляет не более +0,4%
Диапазон измерений: -1...0 (0,6, 1, ... , 24), 0 ... (1, ... , 350) бар, кгс/см2х 0,1 МПа или другие эквивалентные единицы измерения давления.
Допустимые температуры:: Окружающая среда: -40 ... +60°С Измеряемая температура: максимум +100°С
Рекомендуемые диапазоны измерений давления: Измеряемое давление от 25 до 75% от конечного значения шкалы.
Расположение штуцера: Штуцер снизу, сзади.
Штуцер: Нержавеющая сталь.
Измерительный элемент: Трубчатая пружина Бурдона, 316L нержавеющая сталь
Передаточный механизм: Нержавеющая сталь
Присоединение к процессу: G1/4, 1/4NPT, 9/16-18UNF, 1/4VCR(Hap), 1/4VCR(BHyTp).
Циферблат: Алюминий белого цвета, с ограничительным штифтом, цифры черного цвета
Стрелка: Алюминий черного цвета
Корпус: Электрополированный, нержавеющая сталь.
Степень пылевлагозащиты: IP54
Стекло: Поликорбонат
Дополнительная информация: Опции:
Очистка под кислород
Двойные шкалы: 
Krc/cM2/psi, кПа/psi, psi/6ap, и другие
Дизайн шкалы по запросу заказчика (цветные двойные шкалы)
Испытание проливкой гелием
Специальные уплотнения
Свидетельство о поверке",https://bdrosma.ru/catalog/manometry/521/
Деформационный манометр с трубчатой пружиной Тип ДМ (Модификация 4) и электрическим выходным сигналом,,"Рекомендуется для применения с разделителями сред: РМ5319, РМ5320, DA, DB, DE, DH, DJ и др.",,"Номинальный диаметр корпуса: 100; 150 (160).
Класс точности: 1,0; 1,5
Дополнительная погрешность при изменении температуры окружающей среды от 20+2°С в диапазоне рабочих температур на каждые 10°С составляет не более +0,4%.
Диапазон измерений: -1…0 (1,5, 3, 4, 5, 10, 15, 24), 0 ... (0 ... 2,5, 4, 6 ... 600) бар,
кгс/см2, x0.1 МПа или другие эквивалентные единицы давления.
Допустимые температуры:: Окружающая среда:  -40…+65°С.
Измеряемая среда: -40...100 °С
Рекомендуемые диапазоны измерений давления: Измеряемое давление до 75% от конечного значения шкалы.
Расположение штуцера: Штуцер снизу
Штуцер: Нержавеющая сталь.
Измерительный элемент: Трубчатая пружина Бурдона, нерж. сталь.
Передаточный механизм: Нержавеющая сталь.
Присоединение к процессу: Резьбе M20x1,5; G1/2; 1/2NPT; размер под ключ 22х22 (другие резьбы по запросу)
Циферблат: Алюминий белого цвета, градуировка черного цвета.
Стрелка: Алюминий черного цвета, корректировка нуля на стрелке.
Корпус: Нержавеющая сталь, с прочной защитной перегородкой SOLID FRONT и задней выдуваемой стенкой.
Степень пылевлагозащиты: IP54.
Стекло: Ламинированное безопасное стекло (SAFETY GLASS).
Кольцо: Нержавеющая сталь, зажимное байонетного типа (завальцованное – опция).
Дополнительная информация: Опции:
Встроенный демпфер (дроссель).

Очистка под кислород (без заполнения корпуса) Заполнение корпуса силиконовым маслом, IP65, температура окружающей среды -40°С.
Изготовление измерительной системы и штуцера из
монеля.  Дизайн шкалы предоставляется Заказчиком (цветные,
комбинированные шкалы).
Дополнительные специальные шкалы фреоновые, амми- ачные.
Крепежный фланец из нержавеющей стали с тыльной стороны
для монтажа на поверхность.
Передний (фронтальный) крепежный фланец.
Стрелка максимального значения.
Испытание проливкой гелием. Свидетельство о поверке.
Выходной сигнал 0 ... 20mA; 0 ... 5mA; 0 ... 10V; 1...5V.
Напряжение питания: 24 B DC
Выходной сигнал: 4 ...20 mA, 2-х проводной (другие по запросу)
Точность выходного сигнала: +0,5% от диапазона
Проводное соединение: DIN разъем, возможность поворота на 180°",https://bdrosma.ru/catalog/manometry/522/
Электроконтактные манометры в сборе с мембранными разделителями сред,,,,,https://bdrosma.ru/catalog/manometry/523/
Мембранный разделитель сред dz для гомогенезаторов (аналог wika модель 990.30),,,,"Диапазон измерений: 0…..100 бар; 0…..600 бар;0…..100 бар;
0…..600 бар; 0…..160 бар; 0…..1000 бар;
0…..250 бар; 0…..1600 бар; 0…..400 бар (стандарт)
Присоединение к процессу: G 3/8 (вну) (стандарт)
-прямой монтаж;
-через капиллярную линию;
-через охлаждающий элемент;
Материал разделителя: Нержавеющая сталь 316 SS
Материал мембранны: Нержавеющая сталь 316 LSS
Материал крепежного фланца: Нержавеющая сталь 316 SS",https://bdrosma.ru/catalog/manometry/524/
ДМ 3 063,,,,"Номинальный диаметр корпуса: 63 мм
Класс точности: 1,5
Тип: ДМ 2, ДМ 3
Исполнение: Стандартное
Диапазон измерений: 0...25 бар (40*/60*)
Расположение штуцера: снизу (радиальное)
Присоединение к процессу: G 1/4
Корпус: Нержавеющая сталь. Защитный кожух на манометр.
Степень пылевлагозащиты: IP65
Мембранный разделитель сред: DF
Диаметр магистрали: 1/2"" (3/4""*)",https://bdrosma.ru/catalog/manometry/525/
Манометры деформационные с трубкой Бурдона и одним или двумя электроконтактами корпус из нержавеющей стали Moдель ДМЭ (аналог PGS-11 WIKA),,"Предназначен для наблюдения давления в резервуарах и сигнализации утечек
 Общепромышленные применения",,"Номинальный диаметр корпуса: 50, 63 (2 контакта только для НР 63)
Класс точности: 2,5
Диапазон измерений: от 0 ... 2,5 дo 0 ... 400 бар положительного избыточного давления

-1...0 бар вакуумметрического давления

от -1...1 до -1...40 бар мановакуумметрического давления
Допустимые температуры:: Окружающей среды: -40 ... +60 °C

Измеряемой среды: не более +60 °C

Влияние температуры:
при отклонении температуры измерительной системы от +20 °C:
не более ±0,4 % диапазона измерений на каждые 10 K
Перегрузка: Постоянное: 3/4 x диапазона измерений Переменное: 2/3 x диапазона измерений Кратковременное: диапазон измерений
Расположение штуцера: Наружная резьба штуцер снизу или сзади по центру
Штуцер: Медный сплав.
Измерительный элемент: Медный сплав.
Циферблат: Алюминий, белый
Стрелка: Пластик, черная
Корпус: Нержавеющая сталь.
Степень пылевлагозащиты: IP 43 по EN 60529 / lEC 529
Стекло: Поликарбонат.
Дополнительная информация: Опции

Другие присоединения к процессу
Степень защиты IP 65
Класс точности 1,5 с одним контактом

Другая длина кабеля",https://bdrosma.ru/catalog/manometry/526/
Цифровые манометры Тип ЦМ,,,,"Номинальный диаметр корпуса: 63; 80; 100.
Класс точности: 0,05; 0,1; 0,2; 0,25; 0,4; 0,5; 0,6; 1,0.
Дополнительная погрешность при изменении температуры окружающей среды от 20+2°С в диапазоне рабочих температур на каждые 10°С составляет не более 
+0,05%;+0,1%; +0,2%; +0,25%;  +0,35%; +0,4% ;+0,4%; +0,6%;соответственно.
Диапазон измерений: (ВД): -1…0 (1,5 ... 15), 0 ... (0 ... 1, 1,6 ... 1000) бар, кгс/см2, x0,1 МПа или другие эквивалентные единицы давления.
Допустимые температуры:: Окружающая среда: -10…+60°С. 
Измеряемая среда: -20…+80 °С,
Для к.т. 0,05  +10…+40°С,
Присоединение к процессу: Нержавеющая сталь
Радиальное, осевое, осевое эксцентричное, осевое эксцентричное с передним фланцем;
Резьбовое: М20х1,5, G1/2; 1/2NPT; М16х1,5; G3/8; 3/8NPT;
М12х1,5; G1/4; 1/4NPT; (другие резьбы по  запросу)
Степень пылевлагозащиты: IP54 (IP65 по заказу)
Дополнительная информация: Питание:
-  24 В постоянного тока;
- 220В переменного тока;
- элементы питания 4,5 В (3хАА) или (3хААА).
Дополнительные функции:
 подсветка дисплея;
установка нуля;
выбор единицы измерения давления;
индикатор состояния батареи;
мониторинг пиковых значений давления.
Пример оформления заказа.
ЦМ 63 Р, 0…1 МПа, кл. т. 0,25, М12х1,5, 1, 40, 50/
Цифровой манометр (ЦМ), номинальный диаметр корпуса 63мм (63), исполнение радиальное Р (Р), диапазон показаний 0-1 МПа (0-1 МПа), класс точности 0,25 (0,25), присоединение резьбовое, штуцер с наружной резьбой М12х1,5 (М12х1,5), питание элементы АА ( 1), далее по запросу могут указываться дополнительные опции, через /

ЦМ 100 Т, 0…60 КПа, кл. т. 0,4, М20х1,5, 2, 50, 60/
Цифровой манометр (ЦМ), номинальный диаметр корпуса 100мм (100), исполнение осевое Т (Т), диапазон показаний 0-60 КПа (0-60 КПа), класс точности 0,4  (0,4), присоединение резьбовое, штуцер с наружной резьбой М20х1,5 (М20х1,5), питание 24 В постоянного тока ( 2), далее по запросу могут указываться дополнительные опции, через /",https://bdrosma.ru/catalog/tsifrovye_monometry/663/
"Манометры дифференциальные мембранные.  Тип МДМ, МДМЭ",,"Манометры дифференциальные мембранные предназначены для измерений разности давлений жидкостей и газов, не агрессивных по отношению к измерительной
системе.",,"Номинальный диаметр корпуса: 63;100; 150 (160).
Класс точности: 1; 1,5; 1,6; 2,5; 4.
Дополнительная погрешность при изменении температуры окружающей среды от 20+2°С в диапазоне рабочих температур на каждые в соответствии с ГОСТ 2405.
Тип: МДМ, МДМЭ.
Диапазон измерений: 0 ... 0,25 кПа до 0…4000 кПа или другие эквивалентные единицы давления.
Допустимые температуры:: Окружающая среда: -60…+65°С. 
Измеряемая среда: максимум +100 °С
При заполнении корпуса глицерином измеряемая среда  максимум +65оС.
Перегрузка: Максимальное рабочее давление (статическое):
4 МПа диапазоны до 60 кПа;
7 МПа диапазоны свыше 60 кПа.
Штуцер: Нержавеющая сталь (определяется конструктивным исполнением манометра).
Передаточный механизм: Нержавеющая сталь (другой материал по запросу).
Присоединение к процессу: Нержавеющая сталь (определяется конструктивным исполнением манометра).
Резьба присоединения: 2хМ20х1,5; 2хG1/2; 2х1/2NPT; 2хG3/8; 2хG1/4; 2хМ12х1,5; (другие резьбы по запросу)
Циферблат: Алюминий белого цвета, с ограничительным шрифтом, шкала черного цвета.
Стрелка: Алюминий черного цвета, с корректировкой нуля на стрелке.
Корпус: Нержавеющая сталь (другие материалы по запросу).
Степень пылевлагозащиты: IP 54; IP 55; IP56; IP 65.
Стекло: Безопасное стекло (другой материал по запросу).
Кольцо: Нержавеющая сталь, съемное.
Уплотнение: Неопрен (другой материал по запросу).
Дополнительная информация: Разворот шкалы: от 180 до 270о (в зависимости от диапазона).
Исполнение в соответствии с EN 837-3.
Дополнительные опции:
Очистка под кислород (без заполнения корпуса).
Максимальное статическое давление 10, 20, 25, 40 МПа.
Уплотнения из VITON или NBR.
Изготовление мембраны и мебранных камер из монеля.
Заполнение корпуса глицерином, силиконовым маслом и др.
Передний (фронтальный) крепежный фланец.
Крепление на поверхность или трубу 2”.
Безопасное SAFETY GLASS или сверхпрочное стекло. Дизайн шкалы по запросу Заказчика (цветные, комбинированные шкалы).
Покрытие мембраны PTFE (фторопласт), серебро (другие материалы по запросу)
Испытание проливкой гелием.
Температура измеряемой среды выше 100оС.
Свидетельство о поверке.",https://bdrosma.ru/catalog/tsifrovye_manometry/527/
Манометр дифференциальный мембранный  МДМ 2000 (аналог Magnehelic - Магнехелик),,"Манометры дифференциальные мембранные МДМ 2000 аналог Magnehelic - Магнехелик. Применяется для измерения низких давлений воздуха, негорючих газов, а также совместимых с
материалами прибора газов",,"Номинальный диаметр корпуса: 120мм.
Класс точности: +2 % п о всей шкале
+3% в диапазонах 0...100Па и 0...120Па

+4% для диапазонов 0...60Па и ниже, а также для диапазонов, помеченных ""*"" в таблице №1, при 20°С.

Дополнительная погрешность при изменении температуры окружающей среды от 20+2°С в диапазоне рабочих температур на каждые 10°С составляет не более +0,6%.
Диапазон измерений: 0…(60, 100, ... , 1000)Па, 0 ... (0,5, 1, ... , 30) кПа или
другие эквивалентные единицы давления.
А также (-10 ... 0 ... 50), ... (-500 ... 0 ... 500) Па или
(-0,5 ... 0 ... 0,5), ... (-1,5 ... 0 ... 1,5) кПа;
см. таблицу №1
Допустимые температуры:: Окружающая среда: -7…+60°С.
Перегрузка: Предельные давления:
-0,7...1 бар.
Перегрузка по давлению:
Задняя часть корпуса оснащена резиновой пробкой, которая исполняет функцию предохранительного клапана, срабатывая и вентилируя внутреннюю часть манометра, когда давление достигает приблизительно 1,8 бар.
Присоединение к процессу: Прибор устанавливается таким образом, чтобы диафрагма была в вертикальном положении. 1/8NPT(внутр)х2 - одна пара отверстий сбоку и одна пара сзади.
Стандартная комплектация: две NPT пробки для кранов двойного давления, два переходника с резьбой 1/8NPT для соединения с резиновыми трубами и три переходника для установки ""заподлицо"" с винтами.
Циферблат: Алюминий белого цвета, градуировка черного цвета.
Стрелка: Алюминиевый сплав.
Корпус: Изготовлен литьем под давлением из алюминия, термическое покрытие эмалью темно-серого цвета.
Степень пылевлагозащиты: IP65/IP67
Стекло: Поликарбонат. Прозрачный, ударопрочный, термостойкий. Отсутствие эффекта линзы.",https://bdrosma.ru/catalog/tsifrovye_manometry/528/
Дифференциальные манометры стрелочные показывающие ДСП-80 БД,,,,"Класс точности: 1,5; 2,5;
Диапазон измерений: (ВД): -1…0 (1,5 ... 15), 0 ... (0 ... 1, 1,6 ... 1000) бар, кгс/см2, x0,1 МПа или
другие эквивалентные единицы давления.
Допустимые температуры:: Окружающая среда: минус 40...+65 °С.
Измеряемая среда: максимум +100 °С.
При заполнении корпуса глицерином, измеряемая среда максимум + 65 °С.
Влияние температуры:
Пределы дополнительной погрешности, вызванной изменением температуры
окружающего воздуха от +20 °С +/-2 °С в диапазоне рабочих температур в
соответствии с
ГОСТ 2405
Присоединение к процессу: Нержавеющая сталь (определяется конструктивным исполнением манометра).
Резьба присоединения: М12х1,5(вн.)х2; 1/4” NPT(вн.) x 2; G1/2(вн.) x 2; 1/2”
NPT(вн.) х 2 (другие резьбы по запросу).
Циферблат: Алюминий белого цвета, с ограничительным шрифтом, шкала черного цвета.
Стрелка: Алюминий черного цвета, с корректировкой нуля на стрелке.
Степень пылевлагозащиты: IP54; IP65;
Стекло: Безопасное стекло (другой материал по запросу).
Уплотнение: Неопрен (другой материал по запросу).
Материал мембранны: Нержавеющая сталь.
Дополнительная информация: Максимальное рабочее давление
(статическое):
1,6 МПа диапазоны до 60 кПа;
1,6 МПа диапазоны свыше 60 кПа.",https://bdrosma.ru/catalog/tsifrovye_manometry/666/
"Манометры дифференциальные с магнитным поршнем.  тип мдп, мдпэ",,"Манометры дифференциальные с магнитным поршнем предназначены для измерений разности давлений жидкостей и газов, не агрессивных по отношению к измерительной системе.",,"Номинальный диаметр корпуса: 63, 80, 100, 125, 150(160) мм
Класс точности: 2,5; 3; 4
Диапазон измерений: 0…7,5 кПа до 0…1000 кПа (0…160 мбар до 0…10 бар), или другие эквивалентные единицы давления.
Допустимые температуры:: Окружающая среда: минус 40…+65 °С.
Измеряемая среда: максимум +80 °С.
При заполнении корпуса глицерином, измеряемая среда максимум + 65 °С.
Влияние температуры:
Предел дополнительной погрешности, вызванной изменением температуры окружа-
ющего воздуха от +20 °С +/-2 °С в диапазоне рабочих температур в соответствии с
ГОСТ 2405.
Расположение штуцера: Снизу, сзади, соосное (определяется исполнением манометра).
Присоединение к процессу: 1/4” NPT(внутр.) x 2; 3/8” BSP(вн.) x 2; 1/2” BSP(вн.) x 2; 1/2” NPT(вн.) х 2 (другие
резьбы по запросу).
Циферблат: Алюминий белого цвета, шкала черного цвета.
Стрелка: Алюминий черного цвета, фиксированная.
Корпус: Нержавеющая сталь (другие материалы по запросу).
Степень пылевлагозащиты: IP 54; IP 55; IP56; IP 65.
Стекло: Акриловый пластик ( другой материал по запросу).
Уплотнение: Buna-N (другой материал по запросу).
Дополнительная информация: Элементы, контактирующие с изм. средой:
Керамический магнит, пружина из нержавеющей стали.
Камера давления с присоединениями:
Алюминий или нержавеющая сталь.
Дополнительные опции:
Свидетельство о поверке. Заполнение корпуса глицерином. Дизайн шкалы пре-
доставляется Заказчиком (цветные, комбинированные шкалы). Дополнительные
отметки на циферблате. Передний (фронтальный) крепежный фланец. Крепление
на трубу 2”. Корпус из алюминия. Максимальное статическое давление до 20 МПа.
Температура измеряемой среды >+80°С.
МОДИФИКАЦИИ:
Модификация 1 – с магнитным поршнем.
Модификация 2 –с магнитным поршнем и разделительной мембраной.
Модификация 3 – манометры комплектуются электроконтактами МДПЭ.",https://bdrosma.ru/catalog/tsifrovye_manometry/529/
"Манометр дифференциального давления с трубкой Бурдона, две независимые друг от друга измерительные системы тип ДМ",,Манометр дифференциального давления предназначен для измерения разностей (перепадов) давления в газообразных и жидких средах.,,"Номинальный диаметр корпуса: 100 и 160мм.
Класс точности: 1,5 (1,6).
Дополнительная погрешность при изменении темпера- туры окружающей среды от 20±2 °С в диапазоне рабо- чих температур на каждые 10 °С составляет не более
± 0,6 %.
Диапазон измерений: 0 ... (1, ... 600) бар, кгс/см2, x 0.1 МПа или другие эквивалентные единицы измерения
Допустимые температуры:: Окружающая среда: - 40…+60 °С. Измеряемая среда: максимум +150 °С (для измерительной системы из медного сплава)
максимум +200°С (для измерительной системы из нержавеющей стали)
Измерительный элемент: Медный сплав или нержавеющая сталь.
Передаточный механизм: Медный сплав.
Присоединение к процессу: Медный сплав или нержавеющая сталь.
2хG1/2; 2xM20x1.5; 2x1/2NPT
плюсовое присоединение расположено сзади, минусовое спереди, помечено знаками + и -
Циферблат: Алюминий белого цвета, шкала черного цвета.
Стрелка: Основная стрелка - алюминий черного цвета; вторая - алюминий белого цвета с градуировкой индикаторного диска, +/- 50% от полного диапазона шкалы.
Корпус: Сталь черного цвета или нержавеющая сталь.
Степень пылевлагозащиты: IP 43.
Стекло: Инструментальное стекло.
Кольцо: Кольцо: Сталь черного цвета или нержавеющая сталь.
Дополнительная информация: Исполнение из нержавеющей стали для агрессивныз сред.
Исполнение с двойной индикацией (сдвоенный манометр).
Гидрозаполнение манометра номинальным диаметром 100мм.
Крепежный фланец спереди или сзади. Электроконтакты.
Очистка под кислород. Проливка гелием.
Поверка.",https://bdrosma.ru/catalog/tsifrovye_manometry/530/
"Манометр дифференциальный мембранный тип мдм, в комбинации с манометром общетехническим тип дм (мод.2 или мод.4) и трехвентильным блоком bv, мод.9 (аналог модели wika 712.15.160 и 732.15.160)",,,,"Номинальный диаметр корпуса: 150 (160);
Класс точности: 2,5; 1,5; 1,0;
Дополнительная погрешность при измерении температуры окружающей среды от 20
+2С в диапазоне рабочих температур на каждые 10С составляет не более +0,6%.
Диапазоны измерений дифференциального давления:
от 0...8,0 кПа до 0...400 кПа (0...80 мбар до 0...400 мбар) или другие эквивалетные
единицы давления.
Исполнение: Манометр дифференциальный мембранный тип МДМ;
Допустимые температуры:: Допустимые температуры:
Окружающая среда: -40...+80С
-40...+60С для О2
Измеряемая среда: -40...+80С
-40...+60С для О2
Перегрузка: Максимальное рабочее давление(статическое давление):
50 бар
Перегрузка:
Односторонняя в обе камеры до 50 бар.
Передаточный механизм: Нержавеющая сталь.
Присоединение к процессу: 2хG1/4 внутр, монтаж снизу, межосевое расстояние 37 мм
Циферблат: Алюминий белого цвета, шкала черного цвета.
Стрелка: Алюминий черного цвета, с корректировкой нуля на стрелке.
Корпус: Нержавеющая сталь с защелками.
Степень пылевлагозащиты: IP65.
Стекло: Инструментальное стекло, поликарбонат.
Материал мембранны: Нержавеющая сталь, NBR.
Дополнительная информация: 3-х Вентильный блок с установленным манометром для
измерения рабочего давления.
Вентили:
2 изолирующих, 1 вентиль для выравнивания давления.
Тестовый выход:
Резьба М20х1,5(нар) с заглушкой
Корпус:
Медный сплав (нержавеющая сталь)
Ручка вентиля и шток:
Медный сплав (нержавеющая сталь)
Уплотнения:
NBR; PTFE;
Манометр рабочего давления:
Манометр ДМ 2 100 ТЭ, у которого части,
контактирующие с измеряемой средой, сделаны из
медного сплава (стандарт);
Манометр ДМ 4 100 ТЭ, у которого части,
контактирующие с измеряемой средой , нержавеющей
стали (см описание ДМ мод.4);
Манометр ДМ 4 100 ТЭ solid front, это манометр в
безопасном исполнении
(см.описание ДМ мод.4 solid front)",https://bdrosma.ru/catalog/tsifrovye_manometry/531/
"Манометр дифференциальный мембранный тип мдм, цельнометаллическая конструкция (аналог wika модели 732.51.100 или 732.51.160)",,,,"Номинальный диаметр корпуса: 100; 150; 160 мм.
Класс точности: Дополнительная погрешность при изменении температуры окружающей среды от 20+2°С в диапазоне рабочих температур на
каждые 10°С составляет не более +0,5%.
Диапазон измерений: от 0…1,6 кПа до 0...2500 кПа (0...16мбар до 25 бар) или другие эквивалентные единицы давления, а также диапазоны для
вакуума и мановакууметрического давления.
Максимальное рабочее давление (статистическое давление):
до 40 бар.
Допустимые температуры:: Окружающая среда:
- 20…+65°С
- 40...+65°С - заполнение корпуса силиконовым маслом.
- 70...+65°С - низкотемпературное исполнение.
Измеряемая среда: максимум +100 °С
Перегрузка: Односторонняя в обе камеры до 40 бар.
Передаточный механизм: Нержавеющая сталь.
Присоединение к процессу: 2хG1/4 внутр, монтаж снизу, межосевое расстояние 37мм
Циферблат: Алюминий белого цвета, шкала черного цвета.
Стрелка: Алюминий черного цвета, с корректировкой нуля на стрелке.
Корпус: Нержавеющая сталь с клапаном выравнивания атмосферного давления
Степень пылевлагозащиты: IP54, IP65 с гидрозаполнением.
Стекло: Многослойное безопасное.
Уплотнение: Нержавеющая сталь 10Х17Н13М2Т.
Материал мембранны: до 250 мбар нерж.сталь 10Х17Н13М2Т; более 250 мбар хром никелевый сплав.
Дополнительная информация: Вентиляционные отверстия для камер:
Нержавеющая сталь 10Х17Н13М2Т для диапазонов до 250 мбар
Монтаж:
Монтаж манометра дифференциального мембранного осуществляется с помощью жестких патрубков или отверстий в
верхнем фланце, принимая во внимание пометки стороны высокого и низкого давлений.
С помощью дополнительных элементов монтаж прибора может осуществляться на приборной панели (передний
фланец), на стене или трубе
(специальный кронштейн).

ОПЦИИ:
Заполнение корпуса глицерином, силиконовым маслом и др.
Твердая защитная стенка SOLID FRONT.
Более высокое максимальное рабочее давление (статическое давление) с более высокой перегрузочной
способностью.
Вентиляционные отверстия для камер для диапазонов выше 0...250 мбар.
Другие присоединения к процессу.
Другие резьбы для присоединения к процессу.
Передний (фронтальный) крепежный фланец.
Скоба для монтажа на стену или трубу.
3-х и 5-и вентильные блоки.
Манометр дифференциального давления с электроконтактными МДМЭ.
Манометр дифференциального давления с электрическим выходным сигналом.
Свидетельство о поверке.",https://bdrosma.ru/catalog/tsifrovye_manometry/532/
"Напоромеры, тягомеры Тип НМ",,"Напоромеры, тягомеры,тягонапоромеры. Используется в системах газоснабжения.",,"Номинальный диаметр корпуса: 63; 100; 160.
Класс точности: диаметр корпуса
		



			 63
		



			 100 160
		





			 класс точности
		



			 1,5(1,6)
		



			 2,5
		



			 1,5
		





Дополнительная погрешность при изменении температуры окружающей среды от 20+2°С в диапазоне рабочих температур на каждые 10°С составляет не более +0,6%.
Диапазон измерений: 0…1,6; 2,5; ... 60 кПа (0 ... 16; 25; ... 600 мбар) или другие эквивалентные единицы давления, а также соотвутствующие вакууметрические и мановакууметрические диапазоны.
Допустимые температуры: Окружающая среда: -50…+60°С. Измеряемая среда: максимум +100 °С
Рекомендуемые диапазоны измерений давления: Установившаяся нагрузка: полная шкала Переменная нагрузка: 90% от конечного значения шкалы Кратковременная перегрузка: до 30% от конечного значения шкалы
Расположение штуцера: штуцер снизу, осевое сзади (НД 63) Осевое эксцентричное сзади (НД 100 и 150)
Штуцер: Медный сплав
Измерительный элемент: Мембранная коробка, медный сплав
Передаточный механизм: Медный сплав
Присоединение к процессу: диаметр корпуса
		



			 резьба
		





			 63
		



			 М10x1; G⅛; ⅛ NPT М12x1.5; G¼; ¼ NPT
		





			 100
		



			 160
		



			 М20х1,5; G½; ½ NPT;
		





Возможны другие резьбы по запросу.
Циферблат: Алюминий белого цвета, градуировка черного цвета.
Стрелка: Алюминий, черного цвета.
Корпус: Сталь черного цвета.
Степень пылевлагозащиты: IP54, IP55
Стекло: Инструментальное стекло
Кольцо: Сталь черного цвета , байонетного типа
Подстройка нуля: Винтом спереди
Дополнительная информация: Корпус из нержавеющей стали.
Чувствительный элемент, передаточный механизм и штуцер из нержавеющей стали.
Встроенный демпфер (дроссель).
Стекло из пластика, сверхпрочное или безопаное. Очистка под кислород.
Передний (фронтальный) крепежный фланец. Крепежный фланец с тыльное стороны.
Скоба для крепления на панели.
Дизайн шкалы предоставляется заказчиком (цветные, комбинированные шкалы).
Свидетельство о поверке.",https://bdrosma.ru/catalog/naparomer/513/
"Напоромеры, тягомеры, тягонапоромеры с мембранной коробкой тип нм, тн, тнм",,"Напоромеры, тягомеры,тягонапоромеры. Используется в системах газоснабжения.",,"Номинальный диаметр корпуса: 63; 100; 125; 150 (160).
Класс точности: диаметр
			 корпуса
		
		  
	


			 63
		



			 100, 125, 150 (160) 
		





			  класс
		

			 точности
		



			 1,5; (1,6);2,5;                     
		



			 1,0; 1,5
Диапазон измерений: 0 ... 0,6; 1,0; 1,6; ... 60 кПа (0 ... 6; 10; 16; ... 600 мбар)
или другие эквивалентные единицы давления, а также
соотвутствующие вакууметрические и
мановакууметрические диапазоны.
Допустимые температуры:: Окружающая среда: -40…+65°С.
Измеряемая среда: максимум +150 °С
Рекомендуемые диапазоны измерений давления: Установившаяся нагрузка: полная шкала Переменная нагрузка: 90% от конечного значения шкалы Кратковременная перегрузка: до 10% от конечного значения шкалы
Расположение штуцера: Штуцер снизу, осевое сзади (НД 63) Осевое эксцентричное сзади (НД 100 и 150)
Штуцер: Нержавеющая сталь (медный сплав)
Присоединение к процессу: Диаметр корпуса

		  
	


			 Резьба
		




		  
		
			 63
		


		  М10x1; G⅛; ⅛ NPT
		
			 М12x1.5; G¼; ¼ NPT
		





			 100
		



			 160
		


		  М20х1,5; G½; ½ NPT;
	





	 Возможны другие резьбы по запросу.
Циферблат: Алюминий белого цвета, градуировка черного цвета, корректировка нуля.
Стрелка: Алюминий, черного цвета.
Корпус: Нержавеющая сталь.
Виброзащищенность: IP55 (IP65 по запросу)
Стекло: Инструментальное стекло
Кольцо: Нержавеющая сталь, байонетного типа
Подстройка нуля: Винтом спереди
Уплотнение: Неопрен
Дополнительная информация: Корпус из стали черного цвета.
Чувствительный элемент, передаточный механизм и штуцер
из медного сплава.
Встроенный демпфер (дроссель).
Стекло из пластика, сверхпрочное или безопаное.
Очистка под кислород.
Передний (фронтальный) крепежный фланец.
Крепежный фланец с тыльное стороны.
Скоба для крепления на панели.
Дизайн шкалы предоставляется заказчиком (цветные,
комбинированные шкалы).
Свидетельство о поверке.",https://bdrosma.ru/catalog/naparomer/514/
"Напоромеры, Тягомеры, Тягонапоромеры с мембранной коробкой.  Тип НМ, ТМ, ТНМ Нержавеющая сталь",,"Тягонапоромеры измерение малых велечин избыточного давления. Для воздухушных и газообразных, сухих, не агрессивных сред.",,"Номинальный диаметр корпуса: 63; 100; 125; 150 (160).
Класс точности: диаметр корпуса
		



			 63
		



			 100, 125,
			 150 (160)
		





			 класс точности
		



			 1,5;(1,6);2,5
		



			 1,0; 1,5
		








	 Дополнительная погрешность при изменении температуры окружающей среды от 20+2°С в диапазоне рабочих температур на каждые 10°С составляет не более +0,6%.
Диапазон измерений: 0 ... 0,6; 1,0; 1,6; ... 60 кПа (0 ... 6; 10; 16; ... 600 мбар)
или другие эквивалентные единицы давления, а также соотвутствующие вакууметрические и мановакууметрические диапазоны.
Допустимые температуры:: Окружающая среда: -40…+65°С.
Измеряемая среда: максимум +150 °С
Рекомендуемые диапазоны измерений давления: Установившаяся нагрузка: полная шкала
Перегрузка: Переменная нагрузка: 90% от конечного значения шкалы Кратковременная перегрузка: до 10% от конечного значения шкалы
Расположение штуцера: Штуцер снизу, осевое сзади (НД 63). Осевое эксцентричное сзади (НД 100 и 150)
Штуцер: Нержавеющая  сталь (медный сплав)
Измерительный элемент: Мембранная коробка, нержавеющая сталь, (медный сплав по запросу)
Передаточный механизм: Нержавеющая сталь (медный сплав)
Присоединение к процессу: диаметр корпуса
		
		    
	


			 резьба
		





			 63
		



			 М10x1; G⅛; ⅛ NPT М12x1.5; G¼; ¼ NPT
		





			 100
		



			 М20х1,5; G½; ½ NPT;
		





	 Возможны другие резьбы по запросу.
Циферблат: Алюминий белого цвета, градуировка черного цвета, корректировка нуля.
Стрелка: Алюминий, черного цвета.
Корпус: Нержавеющая сталь.
Степень пылевлагозащиты: IP55 (IP65 по запросу)
Стекло: Инструментальное стекло
Кольцо: Нержавеющая сталь, байонетного типа
Подстройка нуля: Винтом спереди Уплотнение: Неопрен
Дополнительная информация: Корпус из стали черного цвета.
Чувствительный элемент, передаточный механизм и штуцер из медного сплава.
Встроенный демпфер (дроссель).
Стекло из пластика, сверхпрочное или безопаное. Очистка под кислород.
Передний (фронтальный) крепежный фланец. Крепежный фланец с тыльное стороны.
Скоба для крепления на панели.
Дизайн шкалы предоставляется заказчиком (цветные, комбинированные шкалы).
Свидетельство о поверке.",https://bdrosma.ru/catalog/naparomer/515/
Цифровые манометры Тип ЦМ,,,,"Номинальный диаметр корпуса: 63; 80; 100.
Класс точности: 0,05; 0,1; 0,2; 0,25; 0,4; 0,5; 0,6; 1,0.
Дополнительная погрешность при изменении температуры окружающей среды от 20+2°С в диапазоне рабочих температур на каждые 10°С составляет не более 
+0,05%;+0,1%; +0,2%; +0,25%;  +0,35%; +0,4% ;+0,4%; +0,6%;соответственно.
Диапазон измерений: (ВД): -1…0 (1,5 ... 15), 0 ... (0 ... 1, 1,6 ... 1000) бар, кгс/см2, x0,1 МПа или другие эквивалентные единицы давления.
Допустимые температуры:: Окружающая среда: -10…+60°С. 
Измеряемая среда: -20…+80 °С,
Для к.т. 0,05  +10…+40°С,
Присоединение к процессу: Нержавеющая сталь
Радиальное, осевое, осевое эксцентричное, осевое эксцентричное с передним фланцем;
Резьбовое: М20х1,5, G1/2; 1/2NPT; М16х1,5; G3/8; 3/8NPT;
М12х1,5; G1/4; 1/4NPT; (другие резьбы по  запросу)
Степень пылевлагозащиты: IP54 (IP65 по заказу)
Дополнительная информация: Питание:
-  24 В постоянного тока;
- 220В переменного тока;
- элементы питания 4,5 В (3хАА) или (3хААА).
Дополнительные функции:
 подсветка дисплея;
установка нуля;
выбор единицы измерения давления;
индикатор состояния батареи;
мониторинг пиковых значений давления.
Пример оформления заказа.
ЦМ 63 Р, 0…1 МПа, кл. т. 0,25, М12х1,5, 1, 40, 50/
Цифровой манометр (ЦМ), номинальный диаметр корпуса 63мм (63), исполнение радиальное Р (Р), диапазон показаний 0-1 МПа (0-1 МПа), класс точности 0,25 (0,25), присоединение резьбовое, штуцер с наружной резьбой М12х1,5 (М12х1,5), питание элементы АА ( 1), далее по запросу могут указываться дополнительные опции, через /

ЦМ 100 Т, 0…60 КПа, кл. т. 0,4, М20х1,5, 2, 50, 60/
Цифровой манометр (ЦМ), номинальный диаметр корпуса 100мм (100), исполнение осевое Т (Т), диапазон показаний 0-60 КПа (0-60 КПа), класс точности 0,4  (0,4), присоединение резьбовое, штуцер с наружной резьбой М20х1,5 (М20х1,5), питание 24 В постоянного тока ( 2), далее по запросу могут указываться дополнительные опции, через /",https://bdrosma.ru/catalog/tsifrovye_monometry/663/
